name,image,category
All-knowing Greaves,https://eldenring.fanapis.com/images/armors/17f696e0685l0i0nblzy58h0qvewk.png,Leg Armor
All-knowing Armor,https://eldenring.fanapis.com/images/armors/17f69515b49l0i0nbno079cqzlskebf.png,Chest Armor
All-knowing Helm,https://eldenring.fanapis.com/images/armors/17f69751613l0i0nbp9nsdqjza4rxf.png,Helm
Alberich's Robe (altered),https://eldenring.fanapis.com/images/armors/17f696221c3l0i0nbrxr4gcdi7uag.png,Chest Armor
All-knowing Armor (altered),https://eldenring.fanapis.com/images/armors/17f69b8efedl0i0nbtfdfkxtl7iqc.png,Chest Armor
Aristocrat Coat,https://eldenring.fanapis.com/images/armors/17f69623cf1l0i0nbutr05ucarsvt.png,Chest Armor
Aristocrat Garb,https://eldenring.fanapis.com/images/armors/17f692d6b5al0i0nbvb3a2bhklmel9.png,Chest Armor
Aristocrat Garb (altered),https://eldenring.fanapis.com/images/armors/17f697ac6cal0i0nbwibax7uqbwu4d.png,Chest Armor
All-knowing Gauntlets,https://eldenring.fanapis.com/images/armors/17f6984f152l0i0nc38cztqhxqc6rw.png,Gauntlets
Alberich's Robe,https://eldenring.fanapis.com/images/armors/17f6995f6eal0i0nc3hn7d7pl7mx.png,Chest Armor
Azur's Glintstone Robe,https://eldenring.fanapis.com/images/armors/17f694ffd2el0i0ndf0zrwzni9hv1.png,Chest Armor
Battlemage Robe,https://eldenring.fanapis.com/images/armors/17f69965516l0i0ndhqx8pi2kbhe8d.png,Chest Armor
Banished Knight Armor (altered),https://eldenring.fanapis.com/images/armors/17f69ba0a8al0i0ndi7y4hl33hny4.png,Chest Armor
Astrologer Robe,https://eldenring.fanapis.com/images/armors/17f696dc24el0i0ndj4er6v25jkwqd.png,Chest Armor
Bandit Garb,https://eldenring.fanapis.com/images/armors/17f69989b5bl0i0ndk23xuv2wasv77.png,Chest Armor
Astrologer Robe (altered),https://eldenring.fanapis.com/images/armors/17f694e487fl0i0ndlkf15nkhfpgah.png,Chest Armor
Beast Champion Armor,https://eldenring.fanapis.com/images/armors/17f694178c9l0i0ndn4e10pcg63tee.png,Chest Armor
Black Knife Armor,https://eldenring.fanapis.com/images/armors/17f696d739fl0i0ndpwqkk3g89lpk.png,Chest Armor
Beast Champion Armor (altered),https://eldenring.fanapis.com/images/armors/17f69391b3bl0i0ndt4c0it6kwlyag.png,Chest Armor
Banished Knight Armor,https://eldenring.fanapis.com/images/armors/17f6935585fl0i0ne8s2gcl84asvoi.png,Chest Armor
Black Knife Armor (altered),https://eldenring.fanapis.com/images/armors/17f6937143al0i0neejcyw9x5dlcff.png,Chest Armor
Bloodsoaked Tabard,https://eldenring.fanapis.com/images/armors/17f694aa574l0i0nfrfjfovdfsmoob.png,Chest Armor
Bloodhound Knight Armor (altered),https://eldenring.fanapis.com/images/armors/17f6930b5f4l0i0nfs4e48erx5y37e.png,Chest Armor
Blaidd's Armor (altered),https://eldenring.fanapis.com/images/armors/17f695d4d39l0i0nfv30z1i34pnvzqf.png,Chest Armor
Bloodhound Knight Armor,https://eldenring.fanapis.com/images/armors/17f69756830l0i0nfv30b2rsq1b3p5.png,Chest Armor
Blackflame Monk Armor,https://eldenring.fanapis.com/images/armors/17f6978a0d3l0i0nfv5cv59797t18.png,Chest Armor
Blaidd's Armor,https://eldenring.fanapis.com/images/armors/17f6960eae6l0i0nfy8iinlzz27.png,Chest Armor
Blue Silver Mail Armor (altered),https://eldenring.fanapis.com/images/armors/17f69b8ac34l0i0ng1cl9m395exm9.png,Chest Armor
Blue Festive Garb,https://eldenring.fanapis.com/images/armors/17f697cd43al0i0ng1v05yt93pykiy.png,Chest Armor
Blue Cloth Vest,https://eldenring.fanapis.com/images/armors/17f692f8268l0i0ng2x7ww9rwst8uv.png,Chest Armor
Blue Silver Mail Armor,https://eldenring.fanapis.com/images/armors/17f69470de4l0i0ng3qcwe0r963svq.png,Chest Armor
Brave's Battlewear,https://eldenring.fanapis.com/images/armors/17f69afe5b2l0i0nhch0j37nxu532xb.png,Chest Armor
Briar Armor (altered),https://eldenring.fanapis.com/images/armors/17f69a0b826l0i0nhemarkphpvbzxt.png,Chest Armor
Carian Knight Armor,https://eldenring.fanapis.com/images/armors/17f6971b296l0i0nhfp8qwuekeaesn.png,Chest Armor
Briar Armor,https://eldenring.fanapis.com/images/armors/17f69bd3117l0i0nhi5aujkgurxk7s.png,Chest Armor
Carian Knight Armor (altered),https://eldenring.fanapis.com/images/armors/17f697f035fl0i0nhj9wfzbt4cchj.png,Chest Armor
Brave's Battlewear (altered),https://eldenring.fanapis.com/images/armors/17f6997525al0i0nhjhufowjmfwto.png,Chest Armor
Chain Armor,https://eldenring.fanapis.com/images/armors/17f69a89e68l0i0nhk83o7u0bpk91k.png,Chest Armor
Champion Pauldron,https://eldenring.fanapis.com/images/armors/17f69aac7del0i0nhkvop92drjzgq.png,Chest Armor
Bull-goat Armor,https://eldenring.fanapis.com/images/armors/17f69a8a3f0l0i0nhqn02vvk1xgq65q.png,Chest Armor
Chain-draped Tabard,https://eldenring.fanapis.com/images/armors/17f69396920l0i0nhqr4mk5q440elb.png,Chest Armor
Cloth Garb,https://eldenring.fanapis.com/images/armors/17f69be686fl0i0nizg2fcjv8u31em.png,Chest Armor
Cleanrot Armor (altered),https://eldenring.fanapis.com/images/armors/17f69aaa630l0i0nj3bpfc2hdtz6bd.png,Chest Armor
Commoner's Garb (altered),https://eldenring.fanapis.com/images/armors/17f69b1dc9cl0i0nj8l9fmv72bzrsi.png,Chest Armor
Cleanrot Armor,https://eldenring.fanapis.com/images/armors/17f69574f29l0i0nj8lj0vaeprdgq.png,Chest Armor
Commoner's Garb,https://eldenring.fanapis.com/images/armors/17f69bf382el0i0njdautt61bo7uj.png,Chest Armor
Confessor Armor (altered),https://eldenring.fanapis.com/images/armors/17f69804d5fl0i0njgjdpbczm2va3d.png,Chest Armor
Confessor Armor,https://eldenring.fanapis.com/images/armors/17f69854218l0i0njgqjqpsw5xkvfa.png,Chest Armor
Commoner's Simple Garb,https://eldenring.fanapis.com/images/armors/17f695d1369l0i0njkocj642d4zzl.png,Chest Armor
Commoner's Simple Garb (altered),https://eldenring.fanapis.com/images/armors/17f69ac8a94l0i0njlvxak0kr6y9r.png,Chest Armor
Consort's Robe,https://eldenring.fanapis.com/images/armors/17f694d25a9l0i0njnlc9axlanhtan.png,Chest Armor
Crucible Axe Armor,https://eldenring.fanapis.com/images/armors/17f69c07710l0i0nkbcxuu9u5cmd9.png,Chest Armor
Corhyn's Robe,https://eldenring.fanapis.com/images/armors/17f69bd8054l0i0nkxr3clw4f1za97.png,Chest Armor
Crucible Tree Armor,https://eldenring.fanapis.com/images/armors/17f694aeec6l0i0nlb2yczejblw3fs.png,Chest Armor
Crucible Axe Armor (altered),https://eldenring.fanapis.com/images/armors/17f6977b703l0i0nlg5t37m2ncrcgg.png,Chest Armor
Crucible Tree Armor (altered),https://eldenring.fanapis.com/images/armors/17f6962d71bl0i0nlgnf87vzelcqvb.png,Chest Armor
Cuckoo Surcoat,https://eldenring.fanapis.com/images/armors/17f696e2a6el0i0nlhjp412cuyw1b.png,Chest Armor
Cuckoo Knight Armor,https://eldenring.fanapis.com/images/armors/17f69ad695cl0i0nlk7zosw17m45i.png,Chest Armor
Cuckoo Knight Armor (altered),https://eldenring.fanapis.com/images/armors/17f69924cd5l0i0nlqxpvm0jwhqpqq.png,Chest Armor
Deathbed Dress,https://eldenring.fanapis.com/images/armors/17f693e9142l0i0nlr04j56c87ebi7.png,Chest Armor
Depraved Perfumer Robe,https://eldenring.fanapis.com/images/armors/17f69862df3l0i0nlxyv0dkfqf5tj.png,Chest Armor
Drake Knight Armor,https://eldenring.fanapis.com/images/armors/17f696d7404l0i0nn7va4d6abbcotb.png,Chest Armor
Drake Knight Armor (altered),https://eldenring.fanapis.com/images/armors/17f699b9043l0i0nn83d0h57urk7fk.png,Chest Armor
Depraved Perfumer Robe (altered),https://eldenring.fanapis.com/images/armors/17f69909573l0i0nn85bvv7mliw69r.png,Chest Armor
Elden Lord Armor (altered),https://eldenring.fanapis.com/images/armors/17f6973b5c4l0i0nnb11yezcgr5rfzi.png,Chest Armor
Elden Lord Armor,https://eldenring.fanapis.com/images/armors/17f693e09b8l0i0nndffutsb6b4e8k.png,Chest Armor
Dirty Chainmail,https://eldenring.fanapis.com/images/armors/17f699fe52el0i0nne4l5nr3ut897n.png,Chest Armor
Errant Sorcerer Robe,https://eldenring.fanapis.com/images/armors/17f69798ccbl0i0nnfvcte1t2jfs1b.png,Chest Armor
Erdtree Surcoat,https://eldenring.fanapis.com/images/armors/17f6990e711l0i0nnhe1vsvmoy5cxi.png,Chest Armor
Eccentric's Armor,https://eldenring.fanapis.com/images/armors/17f693c8f84l0i0nnir4iotp5rvfb3.png,Chest Armor
Eye Surcoat,https://eldenring.fanapis.com/images/armors/17f69b81b0fl0i0nox6k1sywembhx8.png,Chest Armor
Festive Garb,https://eldenring.fanapis.com/images/armors/17f69b9d0d3l0i0np1ewinq79w2phd.png,Chest Armor
Errant Sorcerer Robe (altered),https://eldenring.fanapis.com/images/armors/17f69809c2cl0i0np1gybgyzscj0p.png,Chest Armor
Festive Garb (altered),https://eldenring.fanapis.com/images/armors/17f692d489al0i0np20nfmvw8ku9t.png,Chest Armor
Fia's Robe,https://eldenring.fanapis.com/images/armors/17f69bcba02l0i0np2hg16z35gtvl.png,Chest Armor
Fell Omen Cloak,https://eldenring.fanapis.com/images/armors/17f69745003l0i0np2q18wxhgem49z.png,Chest Armor
Exile Armor,https://eldenring.fanapis.com/images/armors/17f6947679al0i0np87exprtde60f.png,Chest Armor
Finger Maiden Robe (altered),https://eldenring.fanapis.com/images/armors/17f697bc348l0i0npao8lh55tj2dwt.png,Chest Armor
Finger Maiden Robe,https://eldenring.fanapis.com/images/armors/17f69a076eel0i0npawdixarnezf9r.png,Chest Armor
Fingerprint Armor,https://eldenring.fanapis.com/images/armors/17f69b6df92l0i0npbev39ka5gaueh.png,Chest Armor
Fingerprint Armor (altered),https://eldenring.fanapis.com/images/armors/17f692e48a9l0i0nq4invtcj4xoxg.png,Chest Armor
Fur Raiment,https://eldenring.fanapis.com/images/armors/17f69aaaa13l0i0nqk3jcpdpwb00yg.png,Chest Armor
Gelmir Knight Armor,https://eldenring.fanapis.com/images/armors/17f695e41e2l0i0nqlnzqhrds6de4.png,Chest Armor
Gelmir Knight Armor (altered),https://eldenring.fanapis.com/images/armors/17f69ac51bfl0i0nqnn5hwqbyhej9f.png,Chest Armor
Fire Prelate Armor,https://eldenring.fanapis.com/images/armors/17f698fce7fl0i0nqodwfje5g7qdem.png,Chest Armor
Godrick Knight Armor,https://eldenring.fanapis.com/images/armors/17f69ad1925l0i0nqpxhwptd5dkycf.png,Chest Armor
Godksin Noble Robe,https://eldenring.fanapis.com/images/armors/17f697838dbl0i0nqpyyrpkl1polw.png,Chest Armor
Fire Prelate Armor (altered),https://eldenring.fanapis.com/images/armors/17f6983f317l0i0nqr76b932gq1eoj.png,Chest Armor
Foot Soldier Tabard,https://eldenring.fanapis.com/images/armors/17f693c5636l0i0nqs80ibau41zw46.png,Chest Armor
Fire Monk Armor,https://eldenring.fanapis.com/images/armors/17f69708cd7l0i0nqs88hzvrpj80p7.png,Chest Armor
Godrick Knight Armor (altered),https://eldenring.fanapis.com/images/armors/17f6975d8a6l0i0nr44oj398jnk4qd.png,Chest Armor
Goldmask's Rags,https://eldenring.fanapis.com/images/armors/17f69843734l0i0nrk3pzlcqfpqsj.png,Chest Armor
Gravekeeper Cloak,https://eldenring.fanapis.com/images/armors/17f6936f1b2l0i0nrszrfarx7jjsn.png,Chest Armor
Godskin Apostle Robe,https://eldenring.fanapis.com/images/armors/17f69587918l0i0nrw5hhe7jpirj1l.png,Chest Armor
Haligtree Crest Surcoat,https://eldenring.fanapis.com/images/armors/17f697b1dc8l0i0nrz9dme9tiyu7a.png,Chest Armor
Gravekeeper Cloak (altered),https://eldenring.fanapis.com/images/armors/17f69543723l0i0nrzqwqnk37jx86q.png,Chest Armor
Guardian Garb,https://eldenring.fanapis.com/images/armors/17f69816a34l0i0ns0d76sqqs8yds9.png,Chest Armor
Haligtree Knight Armor,https://eldenring.fanapis.com/images/armors/17f693542bdl0i0ns0zp2tfb88ycs8.png,Chest Armor
Guardian Garb (full Bloom),https://eldenring.fanapis.com/images/armors/17f69862c2dl0i0ns8mbesz9lp03d.png,Chest Armor
Haligtree Knight Armor (altered),https://eldenring.fanapis.com/images/armors/17f69929f49l0i0ns9wsqy4m97c0fp.png,Chest Armor
High Page Clothes,https://eldenring.fanapis.com/images/armors/17f697006efl0i0nsgci74miib1qwe.png,Chest Armor
Highwayman Cloth Armor,https://eldenring.fanapis.com/images/armors/17f69317737l0i0nt25yag7pvs80be.png,Chest Armor
High Page Clothes (altered),https://eldenring.fanapis.com/images/armors/17f6982714el0i0nt70cm2pr5h4jhe.png,Chest Armor
Hoslow's Armor,https://eldenring.fanapis.com/images/armors/17f69abd677l0i0ntbpaq2bpd1xvtv.png,Chest Armor
Ivory-draped Tabard,https://eldenring.fanapis.com/images/armors/17f69a7b122l0i0ntcckeer2ct3dv.png,Chest Armor
Knight Armor,https://eldenring.fanapis.com/images/armors/17f69503212l0i0nte4011gmp66g3jz.png,Chest Armor
Juvenile Scholar Robe,https://eldenring.fanapis.com/images/armors/17f69a4d9f6l0i0ntecg0c1cz59ipm.png,Chest Armor
Kaiden Armor,https://eldenring.fanapis.com/images/armors/17f697169b9l0i0nteof8bmo9j5jgl.png,Chest Armor
Land Of Reeds Armor,https://eldenring.fanapis.com/images/armors/17f698879e4l0i0ntflgv6ht3fsl6t.png,Chest Armor
Hoslow's Armor (altered),https://eldenring.fanapis.com/images/armors/17f699aeee7l0i0nthxam2x800a5c.png,Chest Armor
Lazuli Robe,https://eldenring.fanapis.com/images/armors/17f695ed415l0i0ntif92akzx0ovmm.png,Chest Armor
Leather Armor,https://eldenring.fanapis.com/images/armors/17f69894502l0i0ntxkt2y5dhjdl7p.png,Chest Armor
Leather-draped Tabard,https://eldenring.fanapis.com/images/armors/17f69b3d13al0i0nugmba2ouxg19qb.png,Chest Armor
Lionel's Armor (altered),https://eldenring.fanapis.com/images/armors/17f69b0d53fl0i0nujjyrjjg524xor.png,Chest Armor
Leyndell Knight Armor (altered),https://eldenring.fanapis.com/images/armors/17f6970f215l0i0nujl52kn31cm8jm.png,Chest Armor
Leyndell Knight Armor,https://eldenring.fanapis.com/images/armors/17f69b968e9l0i0nuk291h2knlgiqv.png,Chest Armor
Lionel's Armor,https://eldenring.fanapis.com/images/armors/17f69669128l0i0nuklvpxe21yb3kp.png,Chest Armor
Lord Of Blood's Robe,https://eldenring.fanapis.com/images/armors/17f69b02356l0i0nul0mkz8nbq4rqj.png,Chest Armor
Lusat's Robe,https://eldenring.fanapis.com/images/armors/17f699d7041l0i0nuo8w22499tgoyc.png,Chest Armor
Lord Of Blood's Robe (altered),https://eldenring.fanapis.com/images/armors/17f69481421l0i0nuqgwo0cwsq8vc.png,Chest Armor
Malenia's Armor,https://eldenring.fanapis.com/images/armors/17f69b03743l0i0nuwvwgkt75di5k.png,Chest Armor
Maliketh's Armor (altered),https://eldenring.fanapis.com/images/armors/17f69473afal0i0nvo58tuankei4se.png,Chest Armor
Malenia's Armor (altered),https://eldenring.fanapis.com/images/armors/17f69997c07l0i0nvphxr9fuflcj2r.png,Chest Armor
Malformed Dragon Armor,https://eldenring.fanapis.com/images/armors/17f69a9d818l0i0nvqxy32740gd00f.png,Chest Armor
Maliketh's Armor,https://eldenring.fanapis.com/images/armors/17f69afddc1l0i0nvr2mcm4to2vap8.png,Chest Armor
Marionette Soldier Armor,https://eldenring.fanapis.com/images/armors/17f69b230edl0i0nvref9qs0csu7c.png,Chest Armor
Marais Robe,https://eldenring.fanapis.com/images/armors/17f6993cfa0l0i0nvrvi3hjy93drk.png,Chest Armor
Mausoleum Knight Armor,https://eldenring.fanapis.com/images/armors/17f69967856l0i0nvrvvpq3818oul.png,Chest Armor
Mausoleum Surcoat,https://eldenring.fanapis.com/images/armors/17f6972fc30l0i0nvu6k4m9fl8hyqq.png,Chest Armor
Mausoleum Knight Armor (altered),https://eldenring.fanapis.com/images/armors/17f698e101bl0i0nvu6km8okwrj0y.png,Chest Armor
Mushroom Body,https://eldenring.fanapis.com/images/armors/17f69824c90l0i0nw0v1hlt9jj1ozx.png,Chest Armor
Nomadic Merchant's Finery (altered),https://eldenring.fanapis.com/images/armors/17f696207eal0i0nwwj3wtlz7g8aq9.png,Chest Armor
Night's Cavalry Armor (altered),https://eldenring.fanapis.com/images/armors/17f698f2b04l0i0nwx8nxr6l6d32v.png,Chest Armor
Night's Cavalry Armor,https://eldenring.fanapis.com/images/armors/17f69673ae1l0i0nwxtb89u8m5753k.png,Chest Armor
Night Maiden Armor,https://eldenring.fanapis.com/images/armors/17f693b1016l0i0nwxu80z0xa8kekm.png,Chest Armor
Nomadic Merchant's Finery,https://eldenring.fanapis.com/images/armors/17f6940f011l0i0nwzai3wde1k2pbs.png,Chest Armor
Noble's Traveling Garb,https://eldenring.fanapis.com/images/armors/17f6999a067l0i0nwzj711o2cc0yqp.png,Chest Armor
Nox Monk Armor,https://eldenring.fanapis.com/images/armors/17f69b14080l0i0nx0vgixc55r6upm.png,Chest Armor
Nox Swordstress Armor (altered),https://eldenring.fanapis.com/images/armors/17f69b9a489l0i0nx39eemxjsgoymp.png,Chest Armor
Nox Monk Armor (altered),https://eldenring.fanapis.com/images/armors/17f69a509bbl0i0nx3vmcxam3krt3o.png,Chest Armor
Nox Swordstress Armor,https://eldenring.fanapis.com/images/armors/17f695e0fe5l0i0nx6r2i5erc2kvf6.png,Chest Armor
Omen Armor,https://eldenring.fanapis.com/images/armors/17f697b2900l0i0ny38uuz0r5pdr9j.png,Chest Armor
Official's Attire,https://eldenring.fanapis.com/images/armors/17f6975a2a3l0i0ny3ai080wrk3lsp.png,Chest Armor
Page Garb,https://eldenring.fanapis.com/images/armors/17f698ea992l0i0ny4wcf7fv7vla87.png,Chest Armor
Perfumer's Traveling Garb,https://eldenring.fanapis.com/images/armors/17f69695c0el0i0ny52077yj185y9z.png,Chest Armor
Page Garb (altered),https://eldenring.fanapis.com/images/armors/17f695fc5e9l0i0ny6pluocbc0njii.png,Chest Armor
Perfumer Robe,https://eldenring.fanapis.com/images/armors/17f6939021el0i0ny8nszn1fqncah.png,Chest Armor
Perfumer's Traveling Garb (altered),https://eldenring.fanapis.com/images/armors/17f69a92933l0i0nyaq15mxrckj3us.png,Chest Armor
Perfumer Robe (altered),https://eldenring.fanapis.com/images/armors/17f693fdda8l0i0nyb2rbpqu27cr3b.png,Chest Armor
Omenkiller Robe,https://eldenring.fanapis.com/images/armors/17f699bb950l0i0nybper9vajran2f.png,Chest Armor
Old Aristocrat Gown,https://eldenring.fanapis.com/images/armors/17f698cac0el0i0nycd3davor9bgxb.png,Chest Armor
Preceptor's Long Gown (altered),https://eldenring.fanapis.com/images/armors/17f69933589l0i0nzb22p0udrb1exk.png,Chest Armor
Preceptor's Long Gown,https://eldenring.fanapis.com/images/armors/17f69743998l0i0nzb82tu77emq297.png,Chest Armor
Prophet Robe (altered),https://eldenring.fanapis.com/images/armors/17f695cfeb8l0i0nzbulagrw7trvz.png,Chest Armor
Queen's Robe,https://eldenring.fanapis.com/images/armors/17f693d4f51l0i0nzc7cb687wnz5x.png,Chest Armor
Prophet Robe,https://eldenring.fanapis.com/images/armors/17f6974c239l0i0nzd27sxin7m9wgs.png,Chest Armor
Prisoner Clothing,https://eldenring.fanapis.com/images/armors/17f699daa0dl0i0nzeebj645zpvd7.png,Chest Armor
Ragged Armor,https://eldenring.fanapis.com/images/armors/17f696cf5a8l0i0nzf8wq8jdphrd1n.png,Chest Armor
Ragged Armor (altered),https://eldenring.fanapis.com/images/armors/17f69305b9cl0i0nzfe5sbcydcuoq.png,Chest Armor
Radahn's Lion Armor (altered),https://eldenring.fanapis.com/images/armors/17f69a93d8al0i0nzfk2b270dz2hy3.png,Chest Armor
Radahn's Lion Armor,https://eldenring.fanapis.com/images/armors/17f694feb21l0i0nzh8acjkpkeiky.png,Chest Armor
Raging Wolf Armor (altered),https://eldenring.fanapis.com/images/armors/17f693ea468l0i0o0hcm10o39gutsk.png,Chest Armor
Raya Lucarian Robe,https://eldenring.fanapis.com/images/armors/17f69b6fd53l0i0o0j5nmqgl7z5cq.png,Chest Armor
Raging Wolf Armor,https://eldenring.fanapis.com/images/armors/17f69394e18l0i0o0j6thxia007h2q.png,Chest Armor
Redmane Surcoat,https://eldenring.fanapis.com/images/armors/17f6969fdbdl0i0o0kiv7eeo5ioetg.png,Chest Armor
Ronin's Armor,https://eldenring.fanapis.com/images/armors/17f6951007bl0i0o0kr79ygfqp4bfd.png,Chest Armor
Rotten Gravekeeper Cloak,https://eldenring.fanapis.com/images/armors/17f69b33f87l0i0o0laxlmu9r8hc2l.png,Chest Armor
Redmane Knight Armor (altered),https://eldenring.fanapis.com/images/armors/17f697ebe2bl0i0o0lle3u1i1nh548.png,Chest Armor
Ronin's Armor (altered),https://eldenring.fanapis.com/images/armors/17f6933d170l0i0o0qj066wsiqj3utq.png,Chest Armor
Redmane Knight Armor,https://eldenring.fanapis.com/images/armors/17f69873819l0i0o0r1uvfhzbc5x0q.png,Chest Armor
Raptor's Black Feathers,https://eldenring.fanapis.com/images/armors/17f694e6f19l0i0o0r406cvwvhvfuvs.png,Chest Armor
Royal Knight Armor,https://eldenring.fanapis.com/images/armors/17f696062dbl0i0o1vjw0pszkp8o3.png,Chest Armor
Royal Knight Armor (altered),https://eldenring.fanapis.com/images/armors/17f6985d49bl0i0o1vs0ag273l395x.png,Chest Armor
Rotten Gravekeeper Cloak (altered),https://eldenring.fanapis.com/images/armors/17f6960d468l0i0o1vvspbdd3574m.png,Chest Armor
Royal Remains Armor,https://eldenring.fanapis.com/images/armors/17f6940ca21l0i0o1wc4m99v7p5igd.png,Chest Armor
Scaled Armor,https://eldenring.fanapis.com/images/armors/17f694b4a42l0i0o1wscyguflco4ib.png,Chest Armor
Sanguine Noble Robe,https://eldenring.fanapis.com/images/armors/17f693d4b0el0i0o1wz4i3tbj2s79y.png,Chest Armor
Ruler's Robe,https://eldenring.fanapis.com/images/armors/17f6942f55el0i0o1xhk30z9st70s.png,Chest Armor
Scaled Armor (altered),https://eldenring.fanapis.com/images/armors/17f694a40a4l0i0o1yzkmzkj7qtz1g.png,Chest Armor
Sage Robe,https://eldenring.fanapis.com/images/armors/17f69489f83l0i0o1za354buhm1f4b.png,Chest Armor
Scale Armor,https://eldenring.fanapis.com/images/armors/17f698de927l0i0o1zhdlr6n70nh1.png,Chest Armor
Traveling Maiden Robe (altered),https://eldenring.fanapis.com/images/armors/17f6948a10fl0i0o30qs19wbmzyn4d.png,Chest Armor
Snow Witch Robe (altered),https://eldenring.fanapis.com/images/armors/17f693c2697l0i0o327i079jp778zm.png,Chest Armor
Scarlet Tabard,https://eldenring.fanapis.com/images/armors/17f69a60e34l0i0o328szegomnr0h8.png,Chest Armor
Shaman Furs,https://eldenring.fanapis.com/images/armors/17f69a6da4dl0i0o329ec8lxaexetl.png,Chest Armor
Traveling Maiden Robe,https://eldenring.fanapis.com/images/armors/17f69bc7f9bl0i0o32fxquvyqp5nio.png,Chest Armor
Snow Witch Robe,https://eldenring.fanapis.com/images/armors/17f69a52118l0i0o3387jplhquxn3.png,Chest Armor
Tree Sentinel Armor,https://eldenring.fanapis.com/images/armors/17f699a3a77l0i0o35anr2ntuenlpi.png,Chest Armor
Spellblade's Traveling Attire (altered),https://eldenring.fanapis.com/images/armors/17f696fb35dl0i0o379hohibhldyx.png,Chest Armor
Traveler's Clothes,https://eldenring.fanapis.com/images/armors/17f694fbb92l0i0o38965r7ukl93sv.png,Chest Armor
Spellblade's Traveling Attire,https://eldenring.fanapis.com/images/armors/17f6983e15bl0i0o3ag7let01tccgy.png,Chest Armor
Tree Sentinel Armor (altered),https://eldenring.fanapis.com/images/armors/17f6993ab06l0i0o3uqmctbvuty9u.png,Chest Armor
Twinned Armor (altered),https://eldenring.fanapis.com/images/armors/17f6972ac01l0i0o44tshfdh1pnb8.png,Chest Armor
Vagabond Knight Armor (altered),https://eldenring.fanapis.com/images/armors/17f698f800dl0i0o46usza3kek0mlc.png,Chest Armor
Vagabond Knight Armor,https://eldenring.fanapis.com/images/armors/17f697e174dl0i0o48c1nkk005ndtlj.png,Chest Armor
Veteran's Armor,https://eldenring.fanapis.com/images/armors/17f6968c171l0i0o4ajjybq3d8j288.png,Chest Armor
Twinned Armor,https://eldenring.fanapis.com/images/armors/17f69b2bcaal0i0o4bk6dl7fug97ng.png,Chest Armor
Veteran's Armor (altered),https://eldenring.fanapis.com/images/armors/17f699fb877l0i0o4gys04cxbs86i.png,Chest Armor
Tree Surcoat,https://eldenring.fanapis.com/images/armors/17f69398ebcl0i0o4jsqk0wa9fjtn.png,Chest Armor
Upper-class Robe,https://eldenring.fanapis.com/images/armors/17f698ca6e3l0i0o4k9zjwfnu6bkgs.png,Chest Armor
Tree-and-beast Surcoat,https://eldenring.fanapis.com/images/armors/17f69717672l0i0o4r89nf02o5si0o.png,Chest Armor
Vulgar Militia Armor,,Chest Armor
White Reed Armor,https://eldenring.fanapis.com/images/armors/17f69af6e5bl0i0o5hhktksp2jmt5.png,Chest Armor
War Surgeon Gown,https://eldenring.fanapis.com/images/armors/17f6963ee22l0i0o5lqhnt3sl29aif.png,Chest Armor
War Surgeon Gown (altered),https://eldenring.fanapis.com/images/armors/17f699ae26al0i0o5qexxzvp3cwnw.png,Chest Armor
Azur's Manchettes,https://eldenring.fanapis.com/images/armors/17f69569ff4l0i0o5u2wskq7pesy49.png,Gauntlets
Battlemage Manchettes,https://eldenring.fanapis.com/images/armors/17f695766c8l0i0o5wasui4pl06qia.png,Gauntlets
Astrologer Gloves,https://eldenring.fanapis.com/images/armors/17f69652c6fl0i0o5x1bsdx0d6pona.png,Gauntlets
Bandit Manchettes,https://eldenring.fanapis.com/images/armors/17f695f7dfcl0i0o5xe2kug0vg0iiz.png,Gauntlets
Banished Knight Gauntlets,https://eldenring.fanapis.com/images/armors/17f69862434l0i0o5z4v0cvfozbd5.png,Gauntlets
Zamor Armor,https://eldenring.fanapis.com/images/armors/17f697fc762l0i0o5zexo0qk2z7ts9.png,Chest Armor
Alberich's Bracers,https://eldenring.fanapis.com/images/armors/17f69b16a3dl0i0o66ah0178yiaqiq.png,Gauntlets
Beast Champion Gauntlets,https://eldenring.fanapis.com/images/armors/17f695c02ebl0i0o6gegz5qdy7kztd.png,Gauntlets
Black Knife Gauntlets,,Gauntlets
Blackflame Monk Gauntlets,https://eldenring.fanapis.com/images/armors/17f694f3eadl0i0o7mtggrz1ofisub.png,Gauntlets
Blaidd's Gauntlets,https://eldenring.fanapis.com/images/armors/17f695d9337l0i0o7r1gta915accj.png,Gauntlets
Brave's Bracer,https://eldenring.fanapis.com/images/armors/17f6958f14el0i0o7rcnxhisq53oq8.png,Gauntlets
Briar Gauntlets,https://eldenring.fanapis.com/images/armors/17f693143a2l0i0o7sb9iurg2imsc.png,Gauntlets
Bull-goat Gauntlets,https://eldenring.fanapis.com/images/armors/17f69a9b4adl0i0o7ta34gq0aep43h.png,Gauntlets
Bloodsoaked Manchettes,https://eldenring.fanapis.com/images/armors/17f69b9eb6bl0i0o7tl4067pzud217.png,Gauntlets
Bloodhound Knight Gauntlets,https://eldenring.fanapis.com/images/armors/17f69600773l0i0o7unm0v4n59mz9d.png,Gauntlets
Blue Silver Bracelets,https://eldenring.fanapis.com/images/armors/17f69b50907l0i0o7utskwb58lgaii.png,Gauntlets
Carian Knight Gauntlets,https://eldenring.fanapis.com/images/armors/17f69b923f1l0i0o7wiqlqbak2haqc.png,Gauntlets
Chain Gauntlets,https://eldenring.fanapis.com/images/armors/17f697c8d05l0i0o81mkc86pyw8tdh.png,Gauntlets
Cuckoo Knight Gauntlets,https://eldenring.fanapis.com/images/armors/17f697642d0l0i0o98xc24ahp9u15s.png,Gauntlets
Confessor Gloves,https://eldenring.fanapis.com/images/armors/17f69a6ec0bl0i0o99uudum2zc466g.png,Gauntlets
Cleanrot Gauntlets,https://eldenring.fanapis.com/images/armors/17f69aed2ffl0i0o9a404fc0nm7z59o.png,Gauntlets
Champion Bracers,https://eldenring.fanapis.com/images/armors/17f69c14bf9l0i0o9a50murdvyr8wg.png,Gauntlets
Depraved Perfumer Gloves,https://eldenring.fanapis.com/images/armors/17f69c157acl0i0o9atkpuufsohrii.png,Gauntlets
Champion Gauntlets,https://eldenring.fanapis.com/images/armors/17f69a5c5bbl0i0o9b3mzby0ky19w.png,Gauntlets
Elden Lord Bracers,https://eldenring.fanapis.com/images/armors/17f699ef9dal0i0o9b5uipzj8nilf.png,Gauntlets
Eccentric's Manchettes,https://eldenring.fanapis.com/images/armors/17f69564c64l0i0o9bzue4p82jaqx.png,Gauntlets
Drake Knight Gauntlets,https://eldenring.fanapis.com/images/armors/17f693ad5d9l0i0o9cknym209rdqu.png,Gauntlets
Crucible Gauntlets,https://eldenring.fanapis.com/images/armors/17f699674a7l0i0o9cphpbh7jo0gv7.png,Gauntlets
Errant Sorcerer Manchettes,https://eldenring.fanapis.com/images/armors/17f699ad810l0i0oaoz2ac2zvdty1n.png,Gauntlets
Fire Monk Gauntlets,https://eldenring.fanapis.com/images/armors/17f6994bd42l0i0oap9tgxmdz4rsmd.png,Gauntlets
Godrick Knight Gauntlets,https://eldenring.fanapis.com/images/armors/17f69655c81l0i0oarbwusjaln8dq9.png,Gauntlets
Gelmir Knight Gauntlets,https://eldenring.fanapis.com/images/armors/17f696b459bl0i0oarls7aeninpc4m.png,Gauntlets
Foot Soldier Gauntlets,https://eldenring.fanapis.com/images/armors/17f69a12d9cl0i0oarplwe9hm6wjv.png,Gauntlets
Exile Gauntlets,https://eldenring.fanapis.com/images/armors/17f69a09a71l0i0oarrl7u2hkrar9p.png,Gauntlets
Fingerprint Gauntlets,https://eldenring.fanapis.com/images/armors/17f695372c3l0i0oarsspg4ejbh4x.png,Gauntlets
Godrick Soldier Gauntlets,https://eldenring.fanapis.com/images/armors/17f69932fbdl0i0oaxc7lwu7prd3kd.png,Gauntlets
Fire Prelate Gauntlets,https://eldenring.fanapis.com/images/armors/17f69adc730l0i0oayoby83p8xiwnl.png,Gauntlets
Godskin Apostle Bracelets,https://eldenring.fanapis.com/images/armors/17f69552966l0i0oazfa77xdvanncu.png,Gauntlets
Highwayman Gauntlets,,Gauntlets
Godskin Noble Bracelets,https://eldenring.fanapis.com/images/armors/17f6945fca2l0i0ocbqlthlf2ve9ng.png,Gauntlets
Haligtree Gauntlets,https://eldenring.fanapis.com/images/armors/17f69823d53l0i0occko5j66qlc4tm.png,Gauntlets
Haligtree Knight Gauntlets,https://eldenring.fanapis.com/images/armors/17f69c275c9l0i0ocdyuhcyebjccc.png,Gauntlets
Hoslow's Gauntlets,,Gauntlets
Kaiden Gauntlets,,Gauntlets
Iron Gauntlets,https://eldenring.fanapis.com/images/armors/17f69421b99l0i0ocgf1zewmzfqhb5.png,Gauntlets
Gold Bracelets,https://eldenring.fanapis.com/images/armors/17f6978cc9el0i0ochs0lykeqg1oay9.png,Gauntlets
Guardian Bracers,https://eldenring.fanapis.com/images/armors/17f69a01c9cl0i0oci9vixulbuoexe.png,Gauntlets
Golden Prosthetic,https://eldenring.fanapis.com/images/armors/17f695058d7l0i0ocivy48k7k9l11k.png,Gauntlets
Knight Gauntlets,https://eldenring.fanapis.com/images/armors/17f69adf4c2l0i0odlid8lejwstaeu.png,Gauntlets
Land Of Reeds Gauntlets,https://eldenring.fanapis.com/images/armors/17f69647ef1l0i0odt2cfmif5045ua.png,Gauntlets
Lusat's Manchettes,https://eldenring.fanapis.com/images/armors/17f695c3ff9l0i0odvnq2v5kiezuxo.png,Gauntlets
Maliketh's Gauntlets,https://eldenring.fanapis.com/images/armors/17f69345295l0i0odvo3gukydx02yf.png,Gauntlets
Leyndell Soldier Gauntlets,https://eldenring.fanapis.com/images/armors/17f69743431l0i0odwtjw9ktch75jr.png,Gauntlets
Leather Gloves,,Gauntlets
Lionel's Gauntlets,https://eldenring.fanapis.com/images/armors/17f69654184l0i0odyh0dtdavp394v.png,Gauntlets
Malenia's Gauntlet,https://eldenring.fanapis.com/images/armors/17f69aa91d7l0i0oe1pj6fo1o9vsx.png,Gauntlets
Malformed Dragon Gauntlets,https://eldenring.fanapis.com/images/armors/17f6974ca8bl0i0oe3tld3ayug66kf.png,Gauntlets
Leyndell Knight Gauntlets,https://eldenring.fanapis.com/images/armors/17f695bb780l0i0oe3tjfx58cget0s.png,Gauntlets
Omen Gauntlets,https://eldenring.fanapis.com/images/armors/17f6988983cl0i0of7tbik91hvj0rj.png,Gauntlets
Mushroom Arms,https://eldenring.fanapis.com/images/armors/17f6952d31fl0i0ofc3j9nf2llq7yi.png,Gauntlets
Mausoleum Knight Gauntlets,https://eldenring.fanapis.com/images/armors/17f692c707bl0i0ofc3oguearc3gzo.png,Gauntlets
Mausoleum Gauntlets,https://eldenring.fanapis.com/images/armors/17f696b894el0i0ofdbtcjix5qajrp.png,Gauntlets
Millicent's Gloves,https://eldenring.fanapis.com/images/armors/17f69a7eb92l0i0ofelpljitl8hw9s.png,Gauntlets
Nox Monk Bracelets,https://eldenring.fanapis.com/images/armors/17f693fc837l0i0off9ln8pmeyhp0g.png,Gauntlets
Noble's Gloves,https://eldenring.fanapis.com/images/armors/17f69b16c57l0i0ofgwwi9eoabz75h.png,Gauntlets
Perfumer Gloves,https://eldenring.fanapis.com/images/armors/17f69959ba1l0i0ofnm4hp9r73aakd.png,Gauntlets
Night's Cavalry Gauntlets,https://eldenring.fanapis.com/images/armors/17f6948f4adl0i0ofnyfaygrek4ks9.png,Gauntlets
Omenkiller Long Gloves,https://eldenring.fanapis.com/images/armors/17f698eeb10l0i0ofo0efh0z69hbud.png,Gauntlets
Preceptor's Gloves,https://eldenring.fanapis.com/images/armors/17f696136efl0i0ogu3uw8ly0921xa.png,Gauntlets
Raya Lucarian Gauntlets,https://eldenring.fanapis.com/images/armors/17f6961d885l0i0ogv0ohqr5fp3eh.png,Gauntlets
Ragged Gloves,https://eldenring.fanapis.com/images/armors/17f6935b153l0i0ogyoj212pfkjsqo.png,Gauntlets
Radahn Soldier Gauntlets,https://eldenring.fanapis.com/images/armors/17f69b773e3l0i0ogypin7yhii9kfj.png,Gauntlets
Radahn's Gauntlets,https://eldenring.fanapis.com/images/armors/17f6965bc45l0i0ogypt00zh5h9xs.png,Gauntlets
Royal Knight Gauntlets,https://eldenring.fanapis.com/images/armors/17f69c1e97bl0i0oh39wplhaw02cqa.png,Gauntlets
Ronin's Gauntlets,https://eldenring.fanapis.com/images/armors/17f6951b093l0i0oh3ytmwlknn9uvf.png,Gauntlets
Redmane Knight Helm,https://eldenring.fanapis.com/images/armors/17f693ced0bl0i0oh402gmm7bjbdty.png,Gauntlets
Queen's Bracelets,https://eldenring.fanapis.com/images/armors/17f6965e1c4l0i0oh5u13b51hwsrb6i.png,Gauntlets
Royal Remains Gauntlets,https://eldenring.fanapis.com/images/armors/17f69444171l0i0oh899jhls75u4of.png,Gauntlets
Traveler's Gloves,,Gauntlets
Tree Sentinel Gauntlets,https://eldenring.fanapis.com/images/armors/17f696aafc4l0i0oirnrri0ir86n0g.png,Gauntlets
Traveler's Manchettes,https://eldenring.fanapis.com/images/armors/17f6973b069l0i0oivkiyy71sjzt3f.png,Gauntlets
Sorcerer Manchettes,https://eldenring.fanapis.com/images/armors/17f69b2e1f0l0i0oivw4at5v3v4x2z.png,Gauntlets
Twinned Gauntlets,https://eldenring.fanapis.com/images/armors/17f69beb172l0i0oiwxuzup65qtki.png,Gauntlets
Traveling Maiden Gloves,https://eldenring.fanapis.com/images/armors/17f699b52e3l0i0oiwychjvbbb6kl.png,Gauntlets
Vagabond Knight Gauntlets,https://eldenring.fanapis.com/images/armors/17f69ac481fl0i0oixc66oi6ytj1ek.png,Gauntlets
Veteran's Gauntlets,,Gauntlets
Scaled Gauntlets,https://eldenring.fanapis.com/images/armors/17f69394600l0i0oiyz8qmiiuhz2ra.png,Gauntlets
Spellblade's Gloves,https://eldenring.fanapis.com/images/armors/17f69498b16l0i0oj35pl67ifnlj9a.png,Gauntlet
Vulgar Militia Gauntlets,,Gauntlets
Aristocrat Hat,https://eldenring.fanapis.com/images/armors/17f693eea6bl0i0okx2njnrl2iildc.png,Helm
Warrior Gauntlets,https://eldenring.fanapis.com/images/armors/17f697896bel0i0okxiwm6mnh3zz6j.png,Gauntlets
Aristocrat Headband,https://eldenring.fanapis.com/images/armors/17f698b96d7l0i0okxivnlu37ckb6.png,Helm
Alberich's Pointed Hat (altered),https://eldenring.fanapis.com/images/armors/17f694c1311l0i0ol1qo5xm03vrgok.png,Helm
Alberich's Pointed Hat,https://eldenring.fanapis.com/images/armors/17f69377b19l0i0ol1swx6o1hyi35o.png,Helm
War Surgeon Gloves,https://eldenring.fanapis.com/images/armors/17f6931bed0l0i0ol1tlx0aiheggu.png,Gauntlets
Zamor Bracelets,https://eldenring.fanapis.com/images/armors/17f69a8afbbl0i0ol3s36b3idrf5x5.png,Gauntlets
White Reed Gauntlets,https://eldenring.fanapis.com/images/armors/17f692edc25l0i0ol5e2s17vq7v4wq.png,Gauntlets
Bandit Mask,https://eldenring.fanapis.com/images/armors/17f69600328l0i0on3l3z1z6jv0lrt.png,Helm
Black Dumpling,https://eldenring.fanapis.com/images/armors/17f695d037el0i0on3psdxvuouz67s.png,Helm
Banished Knight Helm (altered),https://eldenring.fanapis.com/images/armors/17f6948386bl0i0on4t6xzj16dejzm.png,Helm
Ash-of-war Scarab,https://eldenring.fanapis.com/images/armors/17f69858eb0l0i0on54p2gfohha90e.png,Helm
Astrologer Hood,https://eldenring.fanapis.com/images/armors/17f699271d3l0i0on6tce8ayc3kic.png,Helm
Black Hood,https://eldenring.fanapis.com/images/armors/17f69c20d31l0i0on75g02np9ldmub.png,Helm
Azur's Glintstone Crown,https://eldenring.fanapis.com/images/armors/17f695b9b2bl0i0on94j5g3fwtv4f.png,Helm
Banished Knight Helm,https://eldenring.fanapis.com/images/armors/17f69ac8d83l0i0on9b78j283zdb3c.png,Helm
Beast Champion Helm,https://eldenring.fanapis.com/images/armors/17f69b5a95cl0i0onb5s3gw477p75.png,Helm
Black Wolf Mask,https://eldenring.fanapis.com/images/armors/17f6965c7afl0i0oors9r1s1ulmh1p.png,Helm
Bloodsoaked Mask,https://eldenring.fanapis.com/images/armors/17f6966b53cl0i0oosmb5p6q5qdlie.png,Helm
Black Knife Hood,,Helm
Blue Silver Mail Hood,https://eldenring.fanapis.com/images/armors/17f6957a63fl0i0oovz7b4oy8p5sg5.png,Helm
Bloodhound Knight Helm,https://eldenring.fanapis.com/images/armors/17f69af9da6l0i0ooxmok4mxl6swwr.png,Helm
Blackguard's Iron Mask,https://eldenring.fanapis.com/images/armors/17f69b1c4d5l0i0ooxx6c6v58994m2.png,Helm
Blue Festive Hood,https://eldenring.fanapis.com/images/armors/17f69406c8bl0i0ooy9wkif1vedtms.png,Helm
Blackflame Monk Hood,https://eldenring.fanapis.com/images/armors/17f695e29e2l0i0op3yqenk2g551h9.png,Helm
Blue Cloth Cowl,https://eldenring.fanapis.com/images/armors/17f69a0e9c3l0i0op85xko5kr7u06j.png,Helm
Champion Headband,https://eldenring.fanapis.com/images/armors/17f69a16335l0i0oqmglk4lq7pv3zj.png,Helm
Chain Coif,https://eldenring.fanapis.com/images/armors/17f69991171l0i0oqodkekpq7kxpps.png,Helm
Bull-goat Helm,https://eldenring.fanapis.com/images/armors/17f69654befl0i0oqpddt81oyl2ymq.png,Helm
Brave's Cord Circlet,https://eldenring.fanapis.com/images/armors/17f69477d43l0i0oqqtcyx0gj0km2q.png,Helm
Cerulean Tear Scarab,https://eldenring.fanapis.com/images/armors/17f69488d67l0i0oqufjqdi484wn2.png,Helm
Cleanrot Helm,,Helm
Carian Knight Helm,https://eldenring.fanapis.com/images/armors/17f69ba1fd5l0i0oqx2o4ssdcb0cjp.png,Helm
Briar Helm,https://eldenring.fanapis.com/images/armors/17f69a0c78cl0i0oqxlf9xbqjdg8.png,Helm
Brave's Leather Helm,https://eldenring.fanapis.com/images/armors/17f69b13128l0i0or2eokpqdvdmv2b.png,Helm
Cleanrot Helm (altered),https://eldenring.fanapis.com/images/armors/17f69b50692l0i0ors8nfgenfh7k6r.png,Helm
Confessor Hood,https://eldenring.fanapis.com/images/armors/17f695e92c2l0i0osb5pvuxurlcp6e.png,Helm
Commoner's Headband (altered),https://eldenring.fanapis.com/images/armors/17f6969dd30l0i0osbp6z8er5o8d6s.png,Helm
Confessor Hood (altered),https://eldenring.fanapis.com/images/armors/17f69932e0dl0i0osbzj9wtyl6vbrm.png,Helm
Commoner's Headband,https://eldenring.fanapis.com/images/armors/17f6953ed39l0i0oscswmckaqk283r.png,Helm
Consort's Mask,https://eldenring.fanapis.com/images/armors/17f696b2ac9l0i0oshpfbw6uzu459u.png,Helm
Crucible Axe Helm,https://eldenring.fanapis.com/images/armors/17f6942b378l0i0osl39wglen5m7i9.png,Helm
Crimson Hood,https://eldenring.fanapis.com/images/armors/17f69821e3al0i0osnhpfh1en4fhtm.png,Helm
Crimson Tear Scarab,https://eldenring.fanapis.com/images/armors/17f695f6021l0i0osqh6be3w8uqx7o.png,Helm
Crucible Tree Helm,https://eldenring.fanapis.com/images/armors/17f6974f196l0i0ossd4lgj2ejtdo8.png,Helm
Diallos's Mask,https://eldenring.fanapis.com/images/armors/17f6964162al0i0ou0qpop2bf6vzth.png,Helm
Drake Knight Helm (altered),https://eldenring.fanapis.com/images/armors/17f696a1925l0i0ou20hihbpko4bm6.png,Helm
Depraved Perfumer Headscarf,https://eldenring.fanapis.com/images/armors/17f6968948fl0i0ou27cfw87kk5qq.png,Helm
Cuckoo Knight Helm,https://eldenring.fanapis.com/images/armors/17f69844223l0i0ou28cnmxfdjn7pc.png,Helm
Duelist Helm,https://eldenring.fanapis.com/images/armors/17f69a11473l0i0ou9k3d7vcgx07cm.png,Helm
Eccentric's Hood,https://eldenring.fanapis.com/images/armors/17f697b6acal0i0oubruczgxdx9ikq.png,Helm
Drake Knight Helm,https://eldenring.fanapis.com/images/armors/17f699cce1al0i0ouctgvb37626x24.png,Helm
Eccentric's Hood (altered),https://eldenring.fanapis.com/images/armors/17f69c4cdd0l0i0oucw3g2vwat2x2.png,Helm
Elden Lord Crown,https://eldenring.fanapis.com/images/armors/17f697a43cfl0i0oud5840qodk7im8.png,Helm
Envoy Crown,https://eldenring.fanapis.com/images/armors/17f694d5b35l0i0ouyv7r9fhf6e5hg.png,Helm
Exile Hood,https://eldenring.fanapis.com/images/armors/17f69906ec7l0i0ov1phhpwvgvqev6.png,Helm
Festive Hood (altered),https://eldenring.fanapis.com/images/armors/17f692d0fbcl0i0ovsczesu9l4suj.png,Helm
Festive Hood,https://eldenring.fanapis.com/images/armors/17f69855a34l0i0ovty8rhwq2rl4i.png,Helm
Finger Maiden Fillet,https://eldenring.fanapis.com/images/armors/17f69516885l0i0ovv0vucbn8q9u5o.png,Helm
Fire Monk Hood,https://eldenring.fanapis.com/images/armors/17f697cb110l0i0ovwk6xur5qnwbhk.png,Helm
Fire Prelate Helm,https://eldenring.fanapis.com/images/armors/17f69337d12l0i0ovwtctjd032p2zn.png,Helm
Fia's Hood,https://eldenring.fanapis.com/images/armors/17f6969f632l0i0ovwwo0wtpuzvocq.png,Helm
Fingerprint Helm,https://eldenring.fanapis.com/images/armors/17f697dbdecl0i0ovxiltdyjytpbt9.png,Helm
Foot Soldier Cap,https://eldenring.fanapis.com/images/armors/17f69877054l0i0ow67dzczoccaehw.png,Helm
Foot Soldier Helm,https://eldenring.fanapis.com/images/armors/17f6998676al0i0ow7occadh7p6bhd.png,Helm
Gilded Foot Soldier Cap,https://eldenring.fanapis.com/images/armors/17f6958bc93l0i0owvn6kwrjrr5z6t.png,Helm
Gelmir Knight Helm,https://eldenring.fanapis.com/images/armors/17f69669d03l0i0owwfzx2m5d017fj.png,Helm
Glintstone Scarab,https://eldenring.fanapis.com/images/armors/17f697b1119l0i0owym1alieezqf6o.png,Helm
Godrick Knight Helm,https://eldenring.fanapis.com/images/armors/17f69bf3d3el0i0ox130u36g1qnq5dk.png,Helm
Grass Hair Ornament,,Helm
Godskin Noble Hood,https://eldenring.fanapis.com/images/armors/17f693dd5c8l0i0ox5zges4e525q55.png,Helm
Foot Soldier Helmet,https://eldenring.fanapis.com/images/armors/17f69bb7818l0i0ox811gnrl6ersvo.png,Helm
Godrick Soldier Helm,https://eldenring.fanapis.com/images/armors/17f699c6f57l0i0ox8b667wvx9611w.png,Helm
Godskin Apostle Hood,https://eldenring.fanapis.com/images/armors/17f6989b8a1l0i0oxc717li12uf4am.png,Helm
Great Horned Headband,https://eldenring.fanapis.com/images/armors/17f697b44f0l0i0oxxa6eb4f0fh3e8.png,Helm
Greathood,https://eldenring.fanapis.com/images/armors/17f696ec6cfl0i0oyb7po568qq8re.png,Helm
Guilty Hood,https://eldenring.fanapis.com/images/armors/17f69817673l0i0oyc8ncpqgjvrcif.png,Helm
Haima Glintstone Crown,https://eldenring.fanapis.com/images/armors/17f696fbd24l0i0oycdmvglo5nx46n.png,Helm
Guardian Mask,https://eldenring.fanapis.com/images/armors/17f6964de0cl0i0oyda806rdkrbx5w.png,Helm
Greathelm,https://eldenring.fanapis.com/images/armors/17f6987f927l0i0oye2h2pzlit333.png,Helm
Haligtree Helm,https://eldenring.fanapis.com/images/armors/17f69481b1fl0i0oyflmw1g4d5g0uo.png,Helm
Hierodas Glintstone Crown,https://eldenring.fanapis.com/images/armors/17f69a2b719l0i0oyglty948pj2eli.png,Helm
Haligtree Knight Helm,https://eldenring.fanapis.com/images/armors/17f69586beal0i0oykfsnvc4lmbfxi.png,Helm
High Page Hood,https://eldenring.fanapis.com/images/armors/17f695912ael0i0oywyyb6br2pm11a.png,Helm
Highwayman Hood,https://eldenring.fanapis.com/images/armors/17f69c478dfl0i0ozgmor9bnppal7.png,Helm
Imp Head (cat),https://eldenring.fanapis.com/images/armors/17f69baaa05l0i0ozkvxs099zu679.png,Helm
Hoslow's Helm,,Helm
Iji's Mirrorhelm,https://eldenring.fanapis.com/images/armors/17f69c1dd2el0i0ozlazmh75f99cng.png,Helm
Imp Head (fanged),https://eldenring.fanapis.com/images/armors/17f698fa609l0i0oznl5zwilfuh1oi.png,Helm
Imp Head (corpse),https://eldenring.fanapis.com/images/armors/17f6935bccbl0i0ozqmtalizr9k08s.png,Helm
Imp Head (elder),,Helm
Imp Head (long-tongued),https://eldenring.fanapis.com/images/armors/17f69816ef9l0i0ozya05y9ggmskcn.png,Helm
Imp Head (wolf),https://eldenring.fanapis.com/images/armors/17f69b977bfl0i0p01ggnqcshd4pck.png,Helm
Incantation Scarab,https://eldenring.fanapis.com/images/armors/17f69872a1fl0i0p0ro3bhaa3iwqi.png,Helm
Iron Kasa,https://eldenring.fanapis.com/images/armors/17f6968ae5fl0i0p1059ri48kyr8tj.png,Helm
Iron Helmet,https://eldenring.fanapis.com/images/armors/17f695e0212l0i0p116zi571esihv.png,Helm
Jar,https://eldenring.fanapis.com/images/armors/17f69a8f345l0i0p12a9jsknocmc3h.png,Helm
Juvenile Scholar Cap,https://eldenring.fanapis.com/images/armors/17f698185e9l0i0p13y0n9qjr9fgscp.png,Helm
Knight Helm,https://eldenring.fanapis.com/images/armors/17f69a86fa0l0i0p15n2exwbb7imrn.png,Helm
Land Of Reeds Helm,https://eldenring.fanapis.com/images/armors/17f69b407a5l0i0p18io80r14z66po.png,Helm
Kaiden Helm,https://eldenring.fanapis.com/images/armors/17f69841f31l0i0p19rg3lex25o0oi.png,Helm
Lazuli Glintstone Crown,https://eldenring.fanapis.com/images/armors/17f697688d7l0i0p1h96rv7f34xd0b.png,Helm
Maliketh's Helm,https://eldenring.fanapis.com/images/armors/17f6941fde9l0i0p2mko47s97axtui.png,Helm
Lusat's Glintstone Crown,https://eldenring.fanapis.com/images/armors/17f6931b7c7l0i0p2n8wy9rv3duh8s.png,Helm
Leyndell Knight Helm,https://eldenring.fanapis.com/images/armors/17f6982d6d7l0i0p2o2i9yxyofn0mp.png,Helm
Lionel's Helm,https://eldenring.fanapis.com/images/armors/17f6950e137l0i0p2q9h6f0ocw3c77.png,Helm
Malenia's Winged Helm,https://eldenring.fanapis.com/images/armors/17f69570454l0i0p2run60av8ymo9k.png,Helm
Malformed Dragon Helm,https://eldenring.fanapis.com/images/armors/17f69a7ca14l0i0p2tuxxq38wcosb.png,Helm
Marais Mask,https://eldenring.fanapis.com/images/armors/17f695f6f46l0i0p2ykast2we1aq1l.png,Helm
Marionette Soldier Helm,https://eldenring.fanapis.com/images/armors/17f699e7e02l0i0p30ih3ylhyrbsjl.png,Helm
Leyndell Soldier Helm,https://eldenring.fanapis.com/images/armors/17f69aa6dfdl0i0p31z2jv5am2erqc.png,Helm
Marionette Soldier Helm,https://eldenring.fanapis.com/images/armors/17f69a0d3c3l0i0p3o08ykgd7j2xjh.png,Helm
Marionette Soldier Birdhelm,,Helm
Night Maiden Twin Crown,https://eldenring.fanapis.com/images/armors/17f69b92fcal0i0p4cyhqol55tgk9.png,Helm
Mushroom Head,https://eldenring.fanapis.com/images/armors/17f693b0fa9l0i0p4etuldc9puvo8l.png,Helm
Night's Cavalry Helm,https://eldenring.fanapis.com/images/armors/17f6961be1fl0i0p4fhrxrrzn02xnd.png,Helm
Mask Of Confidence,https://eldenring.fanapis.com/images/armors/17f693b438bl0i0p4gemfom2fp1vb.png,Helm
Navy Hood,https://eldenring.fanapis.com/images/armors/17f69a37531l0i0p4h1p5j95hyj8xd.png,Helm
Night's Cavalry Helm (altered),https://eldenring.fanapis.com/images/armors/17f6983c12dl0i0p4r36dunr43mao.png,Helm
Mushroom Crown,https://eldenring.fanapis.com/images/armors/17f69c41c6al0i0p4u5sk20p43vz1.png,Helm
Nomadic Merchant's Chapeau,https://eldenring.fanapis.com/images/armors/17f69b12523l0i0p57kxo84ihb8tfk.png,Helm
Nox Mirrorhelm,https://eldenring.fanapis.com/images/armors/17f697ff04el0i0p58ah80eaty1zpl.png,Helm
Nox Monk Hood,https://eldenring.fanapis.com/images/armors/17f697ae674l0i0p5eukmqyrfgsn7r.png,Helm
Old Aristocrat Cowl,https://eldenring.fanapis.com/images/armors/17f6975464el0i0p68mdggqqz1s99w.png,Helm
Nox Swordstress Crown,https://eldenring.fanapis.com/images/armors/17f69c30df6l0i0p6a19w1ib4p3py.png,Helm
Okina Mask,https://eldenring.fanapis.com/images/armors/17f69956005l0i0p6bnh0z0hsvuqfv.png,Helm
Nox Swordstress Crown (altered),https://eldenring.fanapis.com/images/armors/17f699d92a4l0i0p6e4mw7zbfqkeg.png,Helm
Nox Monk Hood (altered),https://eldenring.fanapis.com/images/armors/17f695ae069l0i0p6evp28kjw7adz.png,Helm
Octopus Head,https://eldenring.fanapis.com/images/armors/17f69324615l0i0p6gt2sref4mirp5.png,Helm
Omen Helm,https://eldenring.fanapis.com/images/armors/17f69a7deael0i0p6hpi51dx2py5hl.png,Helm
Olivinus Glintstone Crown,https://eldenring.fanapis.com/images/armors/17f695563b4l0i0p6mlnshe9rhzh9.png,Helm
Perfumer Hood,https://eldenring.fanapis.com/images/armors/17f69377609l0i0p7mo5tsrxhk8fdk.png,Helm
Omensmirk Mask,https://eldenring.fanapis.com/images/armors/17f692dcfb1l0i0p7mw9kqxmqm7c0q.png,Helm
Preceptor's Big Hat,https://eldenring.fanapis.com/images/armors/17f6990f151l0i0p7tsmtssx1tv9td.png,Helm
Prisoner Iron Mask,https://eldenring.fanapis.com/images/armors/17f69ba4560l0i0p804lmd51e27ehs.png,Helm
Queen's Crescent Crown,https://eldenring.fanapis.com/images/armors/17f6981d596l0i0p84hfsao6ec1p8.png,Helm
Radahn Soldier Helm,https://eldenring.fanapis.com/images/armors/17f698aba13l0i0p87xbw6nlaxenn9.png,Helm
Page Hood,https://eldenring.fanapis.com/images/armors/17f69ad87f2l0i0p87y2m1323df3es.png,Helm
Prophet Blindfold,https://eldenring.fanapis.com/images/armors/17f697a0522l0i0p88qkwigrnfp6v.png,Helm
Pumpkin Helm,https://eldenring.fanapis.com/images/armors/17f693478b3l0i0p8awadxwww5fst8.png,Helm
Radahn's Redmane Helm,https://eldenring.fanapis.com/images/armors/17f69b7510dl0i0p8bfux9j8o05xg8.png,Helm
Ragged Hat (altered),https://eldenring.fanapis.com/images/armors/17f697a6871l0i0p9i0hdjvwr1ebxh.png,Helm
Radiant Gold Mask,https://eldenring.fanapis.com/images/armors/17f6999d504l0i0p9jkcrfb79ctv7h.png,Helm
Ragged Hat,https://eldenring.fanapis.com/images/armors/17f69b3596el0i0p9nbylvjd00fim.png,Helm
Raya Lucarian Helm,https://eldenring.fanapis.com/images/armors/17f69c1bdafl0i0p9ocg2s870qbrq.png,Helm
Rotten Duelist Helm,https://eldenring.fanapis.com/images/armors/17f698a2880l0i0p9pglobpdndw7xd.png,Helm
Royal Remains Helm,https://eldenring.fanapis.com/images/armors/17f695ad3ecl0i0p9tie3fytybrt8b.png,Helm
Royal Knight Helm,https://eldenring.fanapis.com/images/armors/17f695760cfl0i0p9urv4lp8v5mwz.png,Helm
Redmane Knight Helm,https://eldenring.fanapis.com/images/armors/17f6979b4acl0i0p9who5ky2mnwc4q.png,Helm
Sacred Crown Helm,https://eldenring.fanapis.com/images/armors/17f699ab645l0i0p9z4wypaxvz4tl.png,Helm
Ruler's Mask,https://eldenring.fanapis.com/images/armors/17f697f4960l0i0pa031j1doru2pae.png,Helm
Scaled Helm,https://eldenring.fanapis.com/images/armors/17f69b3bb2bl0i0pbejz4fvryrl9w.png,Helm
Shining Horned Headband,https://eldenring.fanapis.com/images/armors/17f698a3a2al0i0pbibwef45mrw4a8.png,Helm
Sanguine Noble Hood,,Helm
Sage Hood,https://eldenring.fanapis.com/images/armors/17f693f6476l0i0pbix8kfz66j4wt.png,Helm
Skeletal Mask,https://eldenring.fanapis.com/images/armors/17f6959d0a8l0i0pbk3c7c2xgt23gn.png,Helm
Snow Witch Hat,https://eldenring.fanapis.com/images/armors/17f69397b4el0i0pbkuysa96kby3nk.png,Helm
Spellblade's Pointed Hat,https://eldenring.fanapis.com/images/armors/17f69351e86l0i0pbni6j7eg9mlcea.png,Helm
Traveling Maiden Hood,https://eldenring.fanapis.com/images/armors/17f693d5c9al0i0pboo1kteo1a27nd.png,Helm
Silver Tear Mask,https://eldenring.fanapis.com/images/armors/17f6955a164l0i0pbrirpnedg2w1ld.png,Helm
Traveler's Hat,https://eldenring.fanapis.com/images/armors/17f694f0b12l0i0pbxqhdacii1drzh.png,Helm
Vulgar Militia Helm,https://eldenring.fanapis.com/images/armors/17f696f1e7bl0i0pdc7gwd4aptvdb.png,Helm
Witch's Glintstone Crown,https://eldenring.fanapis.com/images/armors/17f695a182dl0i0pdc9aqxyoh0h4bl.png,Helm
Twinsage Glintstone Crown,https://eldenring.fanapis.com/images/armors/17f693df84bl0i0pddogyqqykhoixl.png,Helm
Veteran's Helm,,Helm
White Mask,https://eldenring.fanapis.com/images/armors/17f695fbe3cl0i0pdeuqbgchkcazkl.png,Helm
Tree Sentinel Helm,https://eldenring.fanapis.com/images/armors/17f6984cb7el0i0pdetbew8j94o0ra.png,Helm
Twinned Helm,https://eldenring.fanapis.com/images/armors/17f698af2f9l0i0pdfbvbx82n0r47l.png,Helm
Vagabond Knight Helm,https://eldenring.fanapis.com/images/armors/17f698fd2a7l0i0pdfklx6dladeexc.png,Helm
Zamor Mask,https://eldenring.fanapis.com/images/armors/17f69466705l0i0pdkl9qzvc1ca9lv.png,Helm
Astrologer Trousers,https://eldenring.fanapis.com/images/armors/17f6975004bl0i0pf2ymcptcjn4xmk.png,Leg Armor
Bandit Boots,https://eldenring.fanapis.com/images/armors/17f6942cf80l0i0pf31ce2r8w9laqo.png,Leg Armor
Battlemage Legwraps,https://eldenring.fanapis.com/images/armors/17f6939586bl0i0pf342a1vm5kkewl.png,Leg Armor
Alberich's Trousers,https://eldenring.fanapis.com/images/armors/17f695b346dl0i0pf3f1fg240whfqc.png,Leg Armor
Aristocrat Boots,https://eldenring.fanapis.com/images/armors/17f6947003bl0i0pf3kslr4ap1hce.png,Leg Armor
Banished Knight Greaves,https://eldenring.fanapis.com/images/armors/17f6971934fl0i0pf3xzqx2bx77g49.png,Leg Armor
Blackflame Monk Greave,https://eldenring.fanapis.com/images/armors/17f692d4de3l0i0pf68kg5ine04x3.png,Leg Armor
Beast Champion Greaves,https://eldenring.fanapis.com/images/armors/17f69be35f5l0i0pf697dz3w77lres.png,Leg Armor
Black Knife Greaves,,Leg Armor
Blaidd's Greaves,https://eldenring.fanapis.com/images/armors/17f698db294l0i0pfbl9pw0tl3d08i.png,Leg Armor
Cleanrot Greaves,,Leg Armor
Blue Silver Mail Skirt,https://eldenring.fanapis.com/images/armors/17f69a9a3c2l0i0pgoafeupih2koyi.png,Leg Armor
Briar Greaves,https://eldenring.fanapis.com/images/armors/17f69372895l0i0pgognb3zh05oyi.png,Leg Armor
Brave's Legwraps,https://eldenring.fanapis.com/images/armors/17f6955d1bbl0i0pgoujy78n1z704.png,Leg Armor
Commoner's Shoes,https://eldenring.fanapis.com/images/armors/17f692f026el0i0pgqn9h69g38vkus.png,Leg Armor
Carian Knight Greaves,https://eldenring.fanapis.com/images/armors/17f699dacd9l0i0pgr5dfa76ma68sc.png,Leg Armor
Cloth Trousers,https://eldenring.fanapis.com/images/armors/17f69b52568l0i0pgs8kizirn11qd.png,Leg Armor
Chain Leggings,https://eldenring.fanapis.com/images/armors/17f697261e6l0i0pgtgsp709nb4xsa.png,Leg Armor
Bloodhound Knight Greaves,https://eldenring.fanapis.com/images/armors/17f69b0ad55l0i0pgu633svhfssih.png,Leg Armor
Bull-goat Greaves,https://eldenring.fanapis.com/images/armors/17f69387d24l0i0ph15szdiegzloyc.png,Leg Armor
Cuckoo Knight Greaves,https://eldenring.fanapis.com/images/armors/17f69aef4b1l0i0phzyvuy1qjp4oel.png,Leg Armor
Crucible Greaves,https://eldenring.fanapis.com/images/armors/17f69549e50l0i0pi11yunxsy375d.png,Leg Armor
Confessor Boots,https://eldenring.fanapis.com/images/armors/17f698d5444l0i0pi1ulnm1rc5qch.png,Leg Armor
Drake Knight Greaves,https://eldenring.fanapis.com/images/armors/17f698f9c24l0i0pi3v7okod63kwvu.png,Leg Armor
Consort's Trousers,https://eldenring.fanapis.com/images/armors/17f698f1219l0i0pi4a55qcqe1rcw3.png,Leg Armor
Deathbed Smalls,https://eldenring.fanapis.com/images/armors/17f6946190el0i0pi558gumllwjgl3.png,Leg Armor
Eccentric's Breeches,https://eldenring.fanapis.com/images/armors/17f69b4f744l0i0pi68q3ihx2ageaq.png,Leg Armor
Duelist Greaves,https://eldenring.fanapis.com/images/armors/17f69c55725l0i0pi6oba1dev4bbv9.png,Leg Armor
Elden Lord Greaves,https://eldenring.fanapis.com/images/armors/17f699c49edl0i0pi88zl49rrgngf.png,Leg Armor
Depraved Perfumer Trousers,https://eldenring.fanapis.com/images/armors/17f6955c5eal0i0piah1du5rhvge9q.png,Leg Armor
Errant Sorcerer Boots,https://eldenring.fanapis.com/images/armors/17f699ef203l0i0pis7tqxak4y1zve.png,Leg Armor
Fire Prelate Greaves,https://eldenring.fanapis.com/images/armors/17f69622f6cl0i0pjc05js9m9o7wja.png,Leg Armor
Fur Leggings,https://eldenring.fanapis.com/images/armors/17f699f81a1l0i0pjcgq6p492zwoh.png,Leg Armor
Fingerprint Greaves,https://eldenring.fanapis.com/images/armors/17f69508987l0i0pjd92xk2a5xm7lm.png,Leg Armor
Finger Maiden Shoes,https://eldenring.fanapis.com/images/armors/17f69a90f49l0i0pjdktrpgmf8dtki.png,Leg Armor
Exile Greaves,https://eldenring.fanapis.com/images/armors/17f699f6cc4l0i0pje4benasznz9h.png,Leg Armor
Foot Soldier Greaves,https://eldenring.fanapis.com/images/armors/17f695faf97l0i0pjg6918xct5zqg.png,Leg Armor
Gelmir Knight Greaves,https://eldenring.fanapis.com/images/armors/17f6994cf13l0i0pjgx7fo0ts37s86.png,Leg Armor
Godrick Knight Greaves,https://eldenring.fanapis.com/images/armors/17f697afca0l0i0pjke1nw6n59j3iy.png,Leg Armor
Fire Monk Greaves,https://eldenring.fanapis.com/images/armors/17f697daf0dl0i0pjmfakgpsp5901d.png,Leg Armor
Godrick Soldier Greaves,https://eldenring.fanapis.com/images/armors/17f69403682l0i0pjpag5hfhptfu1v.png,Leg Armor
Gold Waistwrap,https://eldenring.fanapis.com/images/armors/17f695a1a38l0i0pkr8gy43eps1rb8.png,Leg Armor
Haligtree Knight Greaves,https://eldenring.fanapis.com/images/armors/17f69ba4982l0i0pkrcelbkbzjuebo.png,Leg Armor
Godskin Apostle Trousers,https://eldenring.fanapis.com/images/armors/17f695cd952l0i0pkshargec6vkeul.png,Leg Armor
Hoslow's Greaves,,Leg Armor
Haligtree Greaves,https://eldenring.fanapis.com/images/armors/17f69a365f1l0i0pkskdokmb4aqac9.png,Leg Armor
Godskin Noble Trousers,https://eldenring.fanapis.com/images/armors/17f693efe45l0i0pksskfqwqpkblip.png,Leg Armor
Guardian Greaves,https://eldenring.fanapis.com/images/armors/17f692da083l0i0pkub9op7ur2bu7.png,Leg Armor
Kaiden Trousers,,Leg Armor
Knight Greaves,https://eldenring.fanapis.com/images/armors/17f6954422cl0i0pkw3x0jp3fcunxb.png,Leg Armor
Land Of Reeds Greaves,https://eldenring.fanapis.com/images/armors/17f6956f3cfl0i0pl04d031fv2ld7.png,Leg Armor
Leather Boots,,Leg Armor
Leather Trousers,https://eldenring.fanapis.com/images/armors/17f692d6d3fl0i0plykz2nvpwtqx6q.png,Leg Armor
Leyndell Knight Greaves,https://eldenring.fanapis.com/images/armors/17f6942a406l0i0pm0d0tqba0zfhdu.png,Leg Armor
Leyndell Soldier Greaves,https://eldenring.fanapis.com/images/armors/17f6941c186l0i0pm1lnb643gzk7eh.png,Leg Armor
Lionel's Greaves,https://eldenring.fanapis.com/images/armors/17f6987f610l0i0pm1vzwigb76cu0m.png,Leg Armor
Malformed Dragon Greaves,https://eldenring.fanapis.com/images/armors/17f6939b5a9l0i0pm2fy91us27d46j.png,Leg Armor
Malenia's Greaves,https://eldenring.fanapis.com/images/armors/17f6995b220l0i0pm3i22h6tm82k99.png,Leg Armor
Maliketh's Greaves,https://eldenring.fanapis.com/images/armors/17f699a3975l0i0pm54n0l27gvvo5.png,Leg Armor
Mausoleum Greaves,https://eldenring.fanapis.com/images/armors/17f69a056cfl0i0pm6kq7y9ufxm2t.png,Leg Armor
Mausoleum Knight Greaves,https://eldenring.fanapis.com/images/armors/17f69a4792dl0i0pm6tuxc3efvpc5h.png,Leg Armor
Old Sorcerer Legwraps,https://eldenring.fanapis.com/images/armors/17f69bf199dl0i0pn8qhruxql5jeou.png,Leg Armor
Nox Monk Greaves,https://eldenring.fanapis.com/images/armors/17f69820f0al0i0pnb1d742cf4p6ji.png,Leg Armor
Omenkiller Boots,https://eldenring.fanapis.com/images/armors/17f694ccf8bl0i0pnb11z5qi5zvmqri.png,Leg Armor
Nomadic Merchant's Trousers,https://eldenring.fanapis.com/images/armors/17f696781fbl0i0pnb8q58nbh8f7zd.png,Leg Armor
Page Trousers,https://eldenring.fanapis.com/images/armors/17f699914dal0i0pnbd82h1myfw47k.png,Leg Armor
Night's Cavalry Greaves,https://eldenring.fanapis.com/images/armors/17f69584223l0i0pnc8qfej2bqj2yh.png,Leg Armor
Mushroom Legs,https://eldenring.fanapis.com/images/armors/17f696ee179l0i0pne15nwa4b5cn9q.png,Leg Armor
Omen Greaves,https://eldenring.fanapis.com/images/armors/17f696699bal0i0pnhqgtwbmow6dsr.png,Leg Armor
Old Aristocrat Shoes,https://eldenring.fanapis.com/images/armors/17f69506269l0i0pnj7c4upe39du29.png,Leg Armor
Noble's Trousers,https://eldenring.fanapis.com/images/armors/17f6951005fl0i0pnljvpplac2f0bg.png,Leg Armor
Ragged Loincloth,https://eldenring.fanapis.com/images/armors/17f696a85bal0i0poje1hl0kjcvy48.png,Leg Armor
Perfumer Sarong,https://eldenring.fanapis.com/images/armors/17f6948eca0l0i0polm87e0y8owv0q.png,Leg Armor
Preceptor's Trousers,https://eldenring.fanapis.com/images/armors/17f695fa838l0i0pomm6s2dvz1m2gv.png,Leg Armor
Prophet Trousers,https://eldenring.fanapis.com/images/armors/17f6955fad0l0i0pomtthajgj5djj9.png,Leg Armor
Queen's Leggings,https://eldenring.fanapis.com/images/armors/17f69467bb4l0i0pon23cmftuh3stj.png,Leg Armor
Raya Lucarian Greaves,https://eldenring.fanapis.com/images/armors/17f695916ael0i0poomo5zw8rgcb.png,Leg Armor
Prisoner Trousers,https://eldenring.fanapis.com/images/armors/17f69734256l0i0pop4lrxhhalyism.png,Leg Armor
Redmane Knight Greaves,,Leg Armor
Radahn's Greaves,https://eldenring.fanapis.com/images/armors/17f697c5049l0i0pox3ll9j2a4c9j.png,Leg Armor
Radahn Soldier Greaves,https://eldenring.fanapis.com/images/armors/17f694275f3l0i0poxfwbsjqcjmsq.png,Leg Armor
Royal Knight Greaves,https://eldenring.fanapis.com/images/armors/17f6953773bl0i0pptul3bp3wpgwpm.png,Leg Armor
Ronin's Greaves,https://eldenring.fanapis.com/images/armors/17f69926916l0i0ppuay8pv5dyeuhm.png,Leg Armor
Royal Remains Greaves,https://eldenring.fanapis.com/images/armors/17f6968ce06l0i0ppwtihb11ddohl.png,Leg Armor
Sage Trousers,https://eldenring.fanapis.com/images/armors/17f69338194l0i0ppyr6tos8ohwj6f.png,Leg Armor
Shaman Leggings,https://eldenring.fanapis.com/images/armors/17f69335b9cl0i0pq12v7srw2r2bo.png,Leg Armor
Snow Witch Skirt,https://eldenring.fanapis.com/images/armors/17f698e65e9l0i0pq2pl5205ajnfq8.png,Leg Armor
Scaled Greaves,https://eldenring.fanapis.com/images/armors/17f696addc9l0i0pq2z3pa3ns5r3n8.png,Leg Armor
Rotten Duelist Greaves,https://eldenring.fanapis.com/images/armors/17f694aee12l0i0pq3r741go0agkve.png,Leg Armor
Spellblade's Trousers,https://eldenring.fanapis.com/images/armors/17f695f474el0i0pq4ahf7oqqv96qc.png,Leg Armor
Sorcerer Leggings,https://eldenring.fanapis.com/images/armors/17f6937579el0i0pq4dn4l0mcnf8of.png,Leg Armor
Traveler's Slops,https://eldenring.fanapis.com/images/armors/17f69542e8fl0i0pr2zy2b4ue7gwb.png,Leg Armor
Veteran's Greaves,,Leg Armor
Traveler's Boots,https://eldenring.fanapis.com/images/armors/17f6994f78al0i0pr6h1pvaerk641i.png,Leg Armor
Traveling Maiden Boots,https://eldenring.fanapis.com/images/armors/17f69bca269l0i0pr7lry4j301atl.png,Leg Armor
Twinned Greaves,https://eldenring.fanapis.com/images/armors/17f69359c78l0i0pr7xhn2h4bop5rd.png,Leg Armor
Tree Sentinel Greaves,https://eldenring.fanapis.com/images/armors/17f6983e0c4l0i0pr8jcvho8sjpyrv.png,Leg Armor
War Surgeon Trousers,https://eldenring.fanapis.com/images/armors/17f6999dba9l0i0pr9eapst72vk1pi.png,Leg Armor
Vulgar Militia Greaves,,Leg Armor
Warrior Greaves,https://eldenring.fanapis.com/images/armors/17f69b331cdl0i0prazfpca0hkqnwd.png,Leg Armor
Vagabond Knight Greaves,https://eldenring.fanapis.com/images/armors/17f69605a57l0i0prb6fehlfp6ir4g.png,Leg Armor
White Reed Greaves,https://eldenring.fanapis.com/images/armors/17f69593610l0i0prq4f20zg6h5g1w.png,Leg Armor
Zamor Legwraps,https://eldenring.fanapis.com/images/armors/17f695e6e41l0i0prslappmip8fo8i.png,Leg Armor
